San Francisco,Entire home/apt,340.8401937046005
San Francisco,Shared room,87.80314960629921
Seattle,Entire home/apt,159.43559096945552
Seattle,Shared room,51.556338028169016
New York,Entire home/apt,207.62221275936824
New York,Shared room,68.98711484593838
San Francisco,Private room,135.29052692196947
Seattle,Private room,77.08351488743645
New York,Private room,89.57327977193209
